id,datetime,amount,merchant,balance
1,2021-09-24,-58.83,Wayne Enterprises,
2,2021-06-10,-3.86,Acme,
3,2021-06-23,81.77,LexCorp,
4,2021-11-23,19.59,LexCorp,
5,2021-12-16,-38.7,Wayne Enterprises,
6,2021-10-14,13.47,Initech,
7,2021-01-22,53.89,LexCorp,
8,2021-07-11,-14.83,Wayne Enterprises,
9,2021-12-01,-27.36,Wayne Enterprises,
10,2021-10-09,-16.86,LexCorp,
11,2021-01-19,-28.21,Stark Industries,
12,2021-10-14,40.95,Globex Industries,
13,2021-09-29,73.17,Initech,
14,2021-07-01,77.09,Initech,
15,2021-09-07,24.67,Umbrella,
16,2021-08-07,-41.79,Initech,
17,2021-03-19,-3.71,Acme,
18,2021-05-16,-23.7,Globex Industries,
19,2021-08-10,-15.76,Umbrella,
20,2021-05-13,-40.9,Umbrella,
21,2021-05-07,-14.14,Globex Industries,
22,2021-02-06,-33.82,Initech,
23,2021-02-11,84.4,Globex Industries,
24,2021-09-14,43.12,LexCorp,
25,2021-10-10,-23.49,Stark Industries,
26,2021-03-23,62.01,Umbrella,
27,2021-06-24,43.94,Stark Industries,
28,2021-06-04,-89.64,Initech,
29,2021-12-25,-91.63,Umbrella,
30,2021-06-27,-57.59,Umbrella,
31,2021-06-17,-83.37,Wayne Enterprises,
32,2021-10-05,51.32,LexCorp,
33,2021-05-04,93.73,Acme,
34,2021-11-17,-81.5,Stark Industries,
35,2021-07-14,-36.19,Stark Industries,
36,2021-08-13,59.8,Wayne Enterprises,
37,2021-05-24,-69.35,Umbrella,
38,2021-06-27,30.81,Globex Industries,
39,2021-01-21,-68.53,Stark Industries,
40,2021-02-15,26.51,Globex Industries,
41,2021-07-11,-10.41,Stark Industries,
42,2021-11-09,71.13,Wayne Enterprises,
43,2021-05-26,-48.33,LexCorp,
44,2021-08-04,-73.46,Umbrella,
45,2021-06-02,-97.61,Wayne Enterprises,
46,2021-08-23,-80.36,Initech,
47,2021-08-25,71.28,Globex Industries,
48,2021-11-17,62.22,Umbrella,
49,2021-06-04,91.98,Wayne Enterprises,
50,2021-01-19,-15.0,Acme,
51,2021-08-24,-96.38,Globex Industries,
52,2021-02-27,-60.58,Initech,
53,2021-01-10,39.42,Globex Industries,
54,2021-08-25,20.34,Acme,
55,2021-11-14,52.7,Acme,
56,2021-06-11,-99.03,Wayne Enterprises,
57,2021-03-16,-18.23,Stark Industries,
58,2021-03-07,51.58,Umbrella,
59,2021-03-14,97.71,Globex Industries,
60,2021-09-29,-12.2,Initech,
61,2021-07-04,-39.67,LexCorp,
62,2021-05-28,-86.43,Stark Industries,
63,2021-05-19,25.39,LexCorp,
64,2021-09-09,16.28,Umbrella,
65,2021-09-25,93.25,LexCorp,
66,2021-05-24,-66.58,Acme,
67,2021-07-20,3.06,Globex Industries,
68,2021-03-22,-71.36,Wayne Enterprises,
69,2021-03-29,-49.5,Umbrella,
70,2021-02-26,83.76,Umbrella,
71,2021-07-14,-93.96,Umbrella,
72,2021-02-11,86.96,Stark Industries,
73,2021-03-23,-41.28,Acme,
74,2021-12-02,-70.44,Acme,
75,2021-04-22,61.4,LexCorp,
76,2021-09-24,96.1,Globex Industries,
77,2021-07-22,38.8,LexCorp,
78,2021-10-12,-81.41,Umbrella,
79,2021-12-10,-67.17,Umbrella,
80,2021-06-14,-59.47,Acme,
81,2021-09-23,-31.65,Umbrella,
82,2021-02-06,-81.31,LexCorp,
83,2021-12-18,41.38,Globex Industries,
84,2021-05-26,-76.74,LexCorp,
85,2021-09-25,-26.63,Initech,
86,2021-07-20,-3.76,LexCorp,
87,2021-05-21,-86.38,LexCorp,
88,2021-05-14,-43.31,Initech,
89,2021-10-06,-81.8,Stark Industries,
90,2021-09-13,56.17,LexCorp,
91,2021-08-08,-88.54,Acme,
92,2021-08-11,77.24,Stark Industries,
93,2021-02-20,49.46,Initech,
94,2021-07-11,64.36,Wayne Enterprises,
95,2021-03-22,-75.55,Wayne Enterprises,
96,2021-03-22,-49.92,Wayne Enterprises,
97,2021-02-26,48.47,Umbrella,
98,2021-01-29,66.36,LexCorp,
99,2021-02-22,-77.17,LexCorp,
100,2021-11-24,-10.22,Initech,
101,2021-12-11,8.64,Globex Industries,
102,2021-09-27,-16.29,LexCorp,
103,2021-06-24,-93.67,Globex Industries,
104,2021-12-27,2.02,Umbrella,
105,2021-07-10,66.67,Wayne Enterprises,
106,2021-10-04,70.53,LexCorp,
107,2021-11-20,-99.59,Stark Industries,
108,2021-12-19,-34.14,LexCorp,
109,2021-11-26,-7.67,Stark Industries,
110,2021-12-04,-63.72,Stark Industries,
111,2021-01-16,-35.81,LexCorp,
112,2021-11-05,14.99,Stark Industries,
113,2021-11-12,-31.13,LexCorp,
114,2021-10-13,-7.57,Initech,
115,2021-02-26,78.85,Umbrella,
116,2021-10-10,-66.49,Umbrella,
117,2021-04-16,71.13,Acme,
118,2021-06-23,-19.65,Initech,
119,2021-10-31,68.58,LexCorp,
120,2021-08-06,-97.17,Initech,
121,2021-03-30,36.65,Globex Industries,
122,2021-07-28,3.76,LexCorp,
123,2021-11-16,-87.59,Initech,
124,2021-01-31,-46.75,Initech,
125,2021-02-12,-43.21,Umbrella,
126,2021-08-07,-51.41,Wayne Enterprises,
127,2021-10-21,-17.14,Umbrella,
128,2021-06-01,37.96,Globex Industries,
129,2021-05-19,92.76,Acme,
130,2021-08-08,63.62,Stark Industries,
131,2021-03-20,-69.18,Initech,
132,2021-12-13,-99.63,Globex Industries,
133,2021-06-23,61.08,Acme,
134,2021-08-14,-58.99,LexCorp,
135,2021-12-20,-25.97,Acme,
136,2021-05-15,-11.25,Umbrella,
137,2021-11-29,9.88,Wayne Enterprises,
138,2021-11-10,-31.36,Acme,
139,2021-10-18,80.76,Globex Industries,
140,2021-07-04,27.07,Acme,
141,2021-03-15,-14.37,Acme,
142,2021-04-05,-37.42,Umbrella,
143,2021-11-18,-39.1,Acme,
144,2021-03-06,10.71,Umbrella,
145,2021-06-17,-39.06,Umbrella,
146,2021-05-29,25.59,Globex Industries,
147,2021-05-11,83.9,Umbrella,
148,2021-02-20,-60.15,Acme,
149,2021-11-25,29.21,Acme,
150,2021-04-24,-51.58,Initech,
151,2021-09-30,27.1,LexCorp,
152,2021-04-12,-78.85,Wayne Enterprises,
153,2021-12-06,-86.0,Globex Industries,
154,2021-07-04,-84.26,Initech,
155,2021-06-05,46.88,Globex Industries,
156,2021-03-23,87.45,Stark Industries,
157,2021-03-10,89.31,Acme,
158,2021-09-10,-18.29,Wayne Enterprises,
159,2021-01-18,-85.36,Acme,
160,2021-07-13,51.52,Acme,
161,2021-04-24,28.88,Wayne Enterprises,
162,2021-10-06,-38.56,LexCorp,
163,2021-06-29,-42.45,Acme,
164,2021-09-29,50.8,Globex Industries,
165,2021-01-25,54.27,LexCorp,
166,2021-02-28,-64.41,LexCorp,
167,2021-05-12,54.44,Umbrella,
168,2021-05-27,-89.96,Globex Industries,
169,2021-08-08,92.48,Stark Industries,
170,2021-01-07,18.32,Initech,
171,2021-08-04,-25.02,Umbrella,
172,2021-02-28,-31.76,Stark Industries,
173,2021-06-10,-69.31,Wayne Enterprises,
174,2021-10-21,-72.01,Globex Industries,
175,2021-09-04,-46.68,Initech,
176,2021-03-04,-35.42,Acme,
177,2021-11-30,8.95,Stark Industries,
178,2021-08-04,35.48,Wayne Enterprises,
179,2021-01-18,54.92,Initech,
180,2021-03-09,-30.81,Stark Industries,
181,2021-12-08,39.99,Globex Industries,
182,2021-04-14,-44.17,Initech,
183,2021-09-03,-17.13,Umbrella,
184,2021-09-28,5.79,Stark Industries,
185,2021-08-08,11.12,Umbrella,
186,2021-10-24,81.62,Umbrella,
187,2021-04-28,-6.32,Umbrella,
188,2021-04-07,6.34,LexCorp,
189,2021-02-01,29.76,Globex Industries,
190,2021-02-26,42.24,LexCorp,
191,2021-09-01,33.03,Globex Industries,
192,2021-06-06,13.02,Wayne Enterprises,
193,2021-08-31,78.33,Stark Industries,
194,2021-07-31,-71.29,Initech,
195,2021-12-15,-17.11,Globex Industries,
196,2021-02-05,39.56,Acme,
197,2021-11-24,-49.07,Wayne Enterprises,
198,2021-12-04,48.96,LexCorp,
199,2021-09-27,86.77,Initech,
200,2021-04-25,66.2,Initech,
201,2021-08-02,-66.53,LexCorp,
202,2021-12-10,73.01,Wayne Enterprises,
203,2021-08-02,12.36,Acme,
204,2021-10-06,67.8,Initech,
205,2021-06-19,3.64,Initech,
206,2021-06-13,26.4,LexCorp,
207,2021-08-16,-88.21,Stark Industries,
208,2021-08-13,22.01,Umbrella,
209,2021-10-20,-78.88,Wayne Enterprises,
210,2021-10-10,-78.87,Acme,
211,2021-11-15,44.22,Initech,
212,2021-12-09,-74.15,Acme,
213,2021-05-29,-63.1,Umbrella,
214,2021-04-03,-11.24,Stark Industries,
215,2021-05-17,-94.23,Initech,
216,2021-02-14,-59.05,LexCorp,
217,2021-11-25,-88.67,Stark Industries,
218,2021-11-13,-62.86,Wayne Enterprises,
219,2021-10-18,18.85,Globex Industries,
220,2021-04-26,-70.66,Acme,
221,2021-10-02,48.02,Acme,
222,2021-04-17,44.46,Wayne Enterprises,
223,2021-02-18,74.24,Wayne Enterprises,
224,2021-07-24,-65.44,Globex Industries,
225,2021-10-22,28.44,Acme,
226,2021-11-09,-70.77,Globex Industries,
227,2021-12-25,60.66,Wayne Enterprises,
228,2021-02-10,60.41,Initech,
229,2021-01-06,82.9,Umbrella,
230,2021-05-30,25.89,Umbrella,
231,2021-05-01,41.32,Globex Industries,
232,2021-04-01,75.53,Umbrella,
233,2021-04-14,93.0,Stark Industries,
234,2021-05-19,-63.11,Acme,
235,2021-09-21,35.6,Globex Industries,
236,2021-10-24,-72.46,Globex Industries,
237,2021-11-08,-14.43,LexCorp,
238,2021-09-11,-56.8,Umbrella,
239,2021-07-30,98.89,Stark Industries,
240,2021-08-04,58.83,Wayne Enterprises,
241,2021-10-23,63.61,Initech,
242,2021-10-23,-4.33,LexCorp,
243,2021-09-15,4.23,Acme,
244,2021-02-04,-95.34,Wayne Enterprises,
245,2021-08-13,-12.54,Umbrella,
246,2021-06-29,60.29,Wayne Enterprises,
247,2021-09-15,11.62,Umbrella,
248,2021-10-30,22.26,LexCorp,
249,2021-09-29,-59.79,Globex Industries,
250,2021-05-17,75.8,Initech,
251,2021-10-07,-96.85,Wayne Enterprises,
252,2021-09-21,12.09,Acme,
253,2021-10-11,-40.6,Stark Industries,
254,2021-10-07,17.57,Wayne Enterprises,
255,2021-12-30,24.62,Umbrella,
256,2021-09-01,51.67,Wayne Enterprises,
257,2021-08-28,-45.78,Acme,
258,2021-06-13,-34.53,Initech,
259,2021-06-12,28.08,Stark Industries,
260,2021-10-26,80.89,Stark Industries,
261,2021-07-17,31.54,Umbrella,
262,2021-01-20,-98.04,Wayne Enterprises,
263,2021-06-15,70.62,Initech,
264,2021-03-07,-61.58,Wayne Enterprises,
265,2021-09-04,-23.68,Initech,
266,2021-05-14,96.69,LexCorp,
267,2021-08-04,20.77,Umbrella,
268,2021-04-04,69.3,Wayne Enterprises,
269,2021-05-25,85.76,Umbrella,
270,2021-02-09,54.79,LexCorp,
271,2021-08-24,82.61,Acme,
272,2021-11-27,-17.2,Wayne Enterprises,
273,2021-11-19,-41.83,Wayne Enterprises,
274,2021-03-06,55.43,LexCorp,
275,2021-05-12,97.45,Wayne Enterprises,
276,2021-07-21,-50.87,Globex Industries,
277,2021-07-09,-44.98,Wayne Enterprises,
278,2021-11-29,-61.04,Stark Industries,
279,2021-04-09,42.02,Umbrella,
280,2021-04-01,-78.17,Wayne Enterprises,
281,2021-01-22,-55.44,Initech,
282,2021-01-15,93.88,Stark Industries,
283,2021-03-02,-73.84,Initech,
284,2021-08-16,-90.0,Initech,
285,2021-06-24,-35.29,Globex Industries,
286,2021-06-15,59.18,Initech,
287,2021-08-03,-64.36,Wayne Enterprises,
288,2021-10-12,-17.56,Initech,
289,2021-03-06,9.43,Wayne Enterprises,
290,2021-06-07,21.17,Globex Industries,
291,2021-10-28,-20.98,Stark Industries,
292,2021-03-20,-41.96,Stark Industries,
293,2021-12-28,59.25,LexCorp,
294,2021-12-29,-17.71,LexCorp,
295,2021-01-24,79.61,Initech,
296,2021-11-30,38.07,Stark Industries,
297,2021-11-23,-19.51,Stark Industries,
298,2021-01-09,-98.34,Acme,
299,2021-08-01,18.54,Globex Industries,
300,2021-01-24,-33.96,Initech,
301,2021-02-20,-77.07,Wayne Enterprises,
302,2021-08-14,-26.75,Initech,
303,2021-04-08,81.11,Umbrella,
304,2021-03-01,-34.27,Acme,
305,2021-03-08,-16.36,Globex Industries,
306,2021-06-28,-51.72,Stark Industries,
307,2021-11-08,-99.27,Initech,
308,2021-03-25,9.1,Initech,
309,2021-08-12,84.44,Acme,
310,2021-01-25,-6.64,Initech,
311,2021-01-31,60.86,Initech,
312,2021-09-14,36.19,Stark Industries,
313,2021-12-08,76.98,Acme,
314,2021-07-10,-54.43,Initech,
315,2021-12-28,-3.44,Acme,
316,2021-07-23,-60.77,Acme,
317,2021-08-10,-27.87,Globex Industries,
318,2021-06-30,-30.3,Umbrella,
319,2021-01-04,-47.89,Globex Industries,
320,2021-07-12,20.69,Stark Industries,
321,2021-08-12,5.57,LexCorp,
322,2021-07-07,72.55,Globex Industries,
323,2021-10-13,47.08,Stark Industries,
324,2021-01-19,-63.49,Initech,
325,2021-10-21,-28.72,Wayne Enterprises,
326,2021-10-31,75.55,Initech,
327,2021-10-25,34.61,LexCorp,
328,2021-03-15,11.68,Initech,
329,2021-09-24,-22.46,Acme,
330,2021-04-01,88.34,Globex Industries,
331,2021-09-11,23.85,Stark Industries,
332,2021-08-06,76.55,Wayne Enterprises,
333,2021-07-26,21.69,Stark Industries,
334,2021-06-19,-91.96,Globex Industries,
335,2021-07-08,51.22,Acme,
336,2021-09-21,-16.4,Wayne Enterprises,
337,2021-08-16,91.96,Stark Industries,
338,2021-06-19,-45.48,Wayne Enterprises,
339,2021-12-25,90.31,Umbrella,
340,2021-08-20,75.05,Initech,
341,2021-07-20,-27.75,Acme,
342,2021-11-30,-94.77,Stark Industries,
343,2021-07-29,41.62,Acme,
344,2021-05-03,57.57,Acme,
345,2021-06-15,-26.28,Wayne Enterprises,
346,2021-10-18,-51.19,Stark Industries,
347,2021-01-23,-82.32,Initech,
348,2021-04-27,-55.66,Umbrella,
349,2021-05-31,31.27,Acme,
350,2021-10-02,25.13,Initech,
351,2021-08-26,-73.75,Umbrella,
352,2021-11-29,97.58,LexCorp,
353,2021-11-18,-85.13,LexCorp,
354,2021-04-11,-5.53,Stark Industries,
355,2021-02-19,-78.99,Wayne Enterprises,
356,2021-03-19,-76.41,Wayne Enterprises,
357,2021-01-06,-96.94,Acme,
358,2021-08-05,23.35,LexCorp,
359,2021-11-01,-38.12,Stark Industries,
360,2021-03-17,-15.03,Stark Industries,
361,2021-07-07,-52.19,Wayne Enterprises,
362,2021-07-31,68.31,Initech,
363,2021-07-09,-61.29,Stark Industries,
364,2021-06-19,88.86,Globex Industries,
365,2021-02-12,-38.76,LexCorp,
366,2021-10-31,55.0,Globex Industries,
367,2021-01-15,47.35,LexCorp,
368,2021-09-22,-38.06,Wayne Enterprises,
369,2021-01-21,55.53,Wayne Enterprises,
370,2021-03-30,51.85,Umbrella,
371,2021-02-08,-81.25,Wayne Enterprises,
372,2021-12-12,-62.43,Globex Industries,
373,2021-08-03,-0.6,Acme,
374,2021-12-13,5.23,Wayne Enterprises,
375,2021-10-29,-85.14,LexCorp,
376,2021-06-10,44.59,Acme,
377,2021-02-24,-67.64,Wayne Enterprises,
378,2021-05-10,-33.47,Globex Industries,
379,2021-08-18,45.54,LexCorp,
380,2021-06-10,-17.26,Umbrella,
381,2021-02-19,-55.27,Acme,
382,2021-08-14,14.35,Acme,
383,2021-08-03,-50.94,Wayne Enterprises,
384,2021-08-05,46.37,Wayne Enterprises,
385,2021-01-17,-26.37,Stark Industries,
386,2021-12-06,9.17,Wayne Enterprises,
387,2021-08-12,-79.39,Stark Industries,
388,2021-01-29,39.13,Acme,
389,2021-11-09,-39.32,Globex Industries,
390,2021-09-17,64.08,Umbrella,
391,2021-05-14,45.11,Stark Industries,
392,2021-10-07,2.77,Initech,
393,2021-10-26,23.6,LexCorp,
394,2021-12-15,46.42,LexCorp,
395,2021-09-04,-79.06,Umbrella,
396,2021-04-25,-84.88,Globex Industries,
397,2021-11-18,45.84,Umbrella,
398,2021-05-19,-20.71,Wayne Enterprises,
399,2021-07-08,99.18,Globex Industries,
400,2021-12-22,28.44,Globex Industries,
401,2021-06-16,14.06,Acme,
402,2021-03-09,80.19,Initech,
403,2021-07-06,41.11,LexCorp,
404,2021-07-27,91.68,LexCorp,
405,2021-02-17,-86.45,Wayne Enterprises,
406,2021-01-02,-0.86,LexCorp,
407,2021-01-25,95.79,Umbrella,
408,2021-06-10,-22.89,Stark Industries,
409,2021-02-17,-28.32,Umbrella,
410,2021-11-14,-69.35,LexCorp,
411,2021-04-27,-66.38,Globex Industries,
412,2021-02-16,-93.26,Globex Industries,
413,2021-06-08,59.43,Acme,
414,2021-12-15,-44.74,Stark Industries,
415,2021-03-25,60.35,Globex Industries,
416,2021-12-25,31.2,Acme,
417,2021-10-09,-46.32,Wayne Enterprises,
418,2021-10-16,78.99,Globex Industries,
419,2021-04-16,44.43,Initech,
420,2021-11-30,-66.15,LexCorp,
421,2021-06-19,-14.7,Initech,
422,2021-11-16,62.69,Initech,
423,2021-02-09,5.56,LexCorp,
424,2021-02-21,-54.33,Acme,
425,2021-04-17,-6.74,Globex Industries,
426,2021-10-08,34.77,LexCorp,
427,2021-06-08,-55.6,Acme,
428,2021-04-16,51.87,Wayne Enterprises,
429,2021-08-02,-94.65,Wayne Enterprises,
430,2021-07-29,82.69,Umbrella,
431,2021-06-06,72.48,Wayne Enterprises,
432,2021-08-27,-56.12,LexCorp,
433,2021-06-02,92.0,Initech,
434,2021-05-19,79.49,Initech,
435,2021-02-07,-92.22,Globex Industries,
436,2021-04-07,-6.47,Acme,
437,2021-09-28,-68.46,Globex Industries,
438,2021-08-15,44.47,Initech,
439,2021-08-06,57.84,Globex Industries,
440,2021-05-15,13.14,Initech,
441,2021-11-29,2.33,Acme,
442,2021-11-18,2.95,Umbrella,
443,2021-03-22,-82.42,Umbrella,
444,2021-05-07,64.91,Stark Industries,
445,2021-07-28,36.25,Umbrella,
446,2021-06-04,-25.01,Stark Industries,
447,2021-10-23,-66.52,Stark Industries,
448,2021-01-09,-43.29,Umbrella,
449,2021-05-01,37.88,Umbrella,
450,2021-05-26,35.91,Acme,
451,2021-01-21,-22.3,Wayne Enterprises,
452,2021-08-01,72.24,Globex Industries,
453,2021-02-10,-51.79,Umbrella,
454,2021-01-25,62.57,Globex Industries,
455,2021-02-25,-92.33,Stark Industries,
456,2021-12-14,-76.71,Acme,
457,2021-04-09,2.04,Acme,
458,2021-08-15,65.7,Globex Industries,
459,2021-04-29,-81.61,Wayne Enterprises,
460,2021-09-28,66.85,Umbrella,
461,2021-05-28,55.13,Wayne Enterprises,
462,2021-01-04,43.8,Acme,
463,2021-07-02,40.06,Umbrella,
464,2021-12-10,-76.91,Acme,
465,2021-05-13,-50.67,LexCorp,
466,2021-08-28,91.62,Acme,
467,2021-05-06,-57.47,LexCorp,
468,2021-10-17,20.77,Umbrella,
469,2021-09-25,-4.67,Globex Industries,
470,2021-09-07,-31.06,LexCorp,
471,2021-07-03,-18.76,LexCorp,
472,2021-07-17,-46.72,Umbrella,
473,2021-08-27,75.21,Umbrella,
474,2021-12-15,42.52,Globex Industries,
475,2021-02-14,-31.04,Wayne Enterprises,
476,2021-06-18,-21.55,Initech,
477,2021-06-11,-74.33,Initech,
478,2021-03-27,21.78,Acme,
479,2021-04-28,38.12,LexCorp,
480,2021-01-25,-88.07,Initech,
481,2021-01-14,-57.4,Acme,
482,2021-03-06,-63.54,LexCorp,
483,2021-02-01,-57.41,Initech,
484,2021-08-04,-41.44,Acme,
485,2021-10-14,35.11,Globex Industries,
486,2021-01-20,-7.84,Stark Industries,
487,2021-12-11,-91.08,Acme,
488,2021-10-15,6.78,Acme,
489,2021-05-02,5.47,Acme,
490,2021-11-02,-73.74,Stark Industries,
491,2021-04-13,-30.31,Wayne Enterprises,
492,2021-11-25,-2.0,Stark Industries,
493,2021-08-03,48.55,Acme,
494,2021-06-06,25.37,LexCorp,
495,2021-01-06,36.68,Wayne Enterprises,
496,2021-09-27,-23.8,Initech,
497,2021-05-27,-29.86,Acme,
498,2021-11-10,-64.35,Umbrella,
499,2021-12-02,5.26,Initech,
500,2021-08-04,-60.89,Globex Industries,
501,2021-10-14,-90.43,Stark Industries,
502,2021-02-27,8.79,Initech,
503,2021-01-01,-34.22,Umbrella,
504,2021-09-16,-39.33,Stark Industries,
505,2021-12-15,66.82,Stark Industries,
506,2021-05-24,33.12,Stark Industries,
507,2021-05-14,41.27,Acme,
508,2021-04-05,-55.86,Acme,
509,2021-12-19,73.63,Umbrella,
510,2021-10-16,-78.12,LexCorp,
511,2021-07-28,-72.86,Wayne Enterprises,
512,2021-07-08,26.45,Stark Industries,
513,2021-04-05,-77.99,Wayne Enterprises,
514,2021-06-02,17.62,Stark Industries,
515,2021-03-27,-56.55,Wayne Enterprises,
516,2021-01-22,-75.95,LexCorp,
517,2021-03-24,-3.4,Acme,
518,2021-01-12,-13.01,Umbrella,
519,2021-05-15,60.35,Acme,
520,2021-10-11,22.81,Globex Industries,
521,2021-02-07,-23.62,Umbrella,
522,2021-04-14,-76.88,Umbrella,
523,2021-04-29,72.5,Umbrella,
524,2021-10-28,-50.89,Globex Industries,
525,2021-12-05,94.2,Acme,
526,2021-06-30,78.74,LexCorp,
527,2021-03-09,16.11,LexCorp,
528,2021-04-09,24.02,Wayne Enterprises,
529,2021-11-25,23.82,Umbrella,
530,2021-06-23,34.92,Stark Industries,
531,2021-05-03,-18.16,LexCorp,
532,2021-02-24,64.37,Stark Industries,
533,2021-04-22,74.35,LexCorp,
534,2021-05-16,-85.52,Wayne Enterprises,
535,2021-05-04,-51.77,Umbrella,
536,2021-06-06,-32.65,Umbrella,
537,2021-08-14,26.14,Acme,
538,2021-07-27,30.63,Initech,
539,2021-06-01,-2.89,Initech,
540,2021-12-21,93.44,Acme,
541,2021-05-10,-35.49,LexCorp,
542,2021-02-11,77.78,LexCorp,
543,2021-01-21,-0.11,LexCorp,
544,2021-03-17,-5.43,Initech,
545,2021-01-25,-20.74,Umbrella,
546,2021-08-18,-23.93,LexCorp,
547,2021-03-12,18.99,Umbrella,
548,2021-02-18,63.42,LexCorp,
549,2021-11-24,-46.57,LexCorp,
550,2021-01-26,39.22,Acme,
551,2021-01-18,-34.05,Initech,
552,2021-09-23,-95.38,Umbrella,
553,2021-10-24,55.31,Initech,
554,2021-07-10,-98.98,Acme,
555,2021-06-10,-76.21,LexCorp,
556,2021-03-13,-9.68,Initech,
557,2021-10-07,-0.57,Acme,
558,2021-04-10,-90.88,Acme,
559,2021-03-22,-46.35,Acme,
560,2021-10-24,-13.01,Acme,
561,2021-06-18,-92.43,Acme,
562,2021-08-11,89.54,Initech,
563,2021-10-27,69.48,Globex Industries,
564,2021-01-24,-48.45,Wayne Enterprises,
565,2021-02-02,-40.75,Acme,
566,2021-07-01,-24.93,Acme,
567,2021-05-18,-95.15,Initech,
568,2021-06-29,23.27,Globex Industries,
569,2021-03-03,-13.46,Initech,
570,2021-12-02,96.63,Umbrella,
571,2021-11-05,66.97,Initech,
572,2021-07-10,-23.73,Acme,
573,2021-05-02,-22.08,Globex Industries,
574,2021-03-02,-40.05,Initech,
575,2021-10-20,-37.1,LexCorp,
576,2021-02-02,37.91,Acme,
577,2021-10-14,42.68,Initech,
578,2021-03-11,-91.06,Acme,
579,2021-02-26,94.61,Stark Industries,
580,2021-03-09,8.52,Initech,
581,2021-04-15,-9.67,Acme,
582,2021-04-06,13.95,Acme,
583,2021-06-20,-46.43,Globex Industries,
584,2021-02-05,-0.6,Initech,
585,2021-07-02,-94.84,Umbrella,
586,2021-02-24,-35.12,LexCorp,
587,2021-11-28,37.19,Globex Industries,
588,2021-02-05,30.56,Wayne Enterprises,
589,2021-09-01,-58.56,Stark Industries,
590,2021-06-26,30.24,Initech,
591,2021-02-05,3.81,Umbrella,
592,2021-08-05,-77.67,Acme,
593,2021-01-19,88.37,Acme,
594,2021-04-12,34.47,Umbrella,
595,2021-11-03,18.92,Initech,
596,2021-07-17,-98.04,Initech,
597,2021-08-20,-14.42,Globex Industries,
598,2021-11-20,41.22,Stark Industries,
599,2021-02-09,-92.47,Globex Industries,
600,2021-10-06,0.08,Stark Industries,
601,2021-12-09,5.44,Initech,
602,2021-01-20,-62.32,Initech,
603,2021-05-04,57.47,Wayne Enterprises,
604,2021-09-21,-96.93,Umbrella,
605,2021-10-05,46.48,LexCorp,
606,2021-05-30,85.47,Stark Industries,
607,2021-09-05,-12.57,Stark Industries,
608,2021-12-02,99.15,Initech,
609,2021-08-20,-61.24,LexCorp,
610,2021-09-19,-40.49,Globex Industries,
611,2021-03-06,33.86,Stark Industries,
612,2021-10-01,-82.27,Wayne Enterprises,
613,2021-07-14,-71.19,LexCorp,
614,2021-03-25,-35.43,Initech,
615,2021-12-24,84.21,Globex Industries,
616,2021-03-08,-90.07,Globex Industries,
617,2021-09-21,42.15,Umbrella,
618,2021-06-04,-42.31,Wayne Enterprises,
619,2021-12-20,-67.61,Stark Industries,
620,2021-07-16,-18.99,Umbrella,
621,2021-11-20,97.11,Globex Industries,
622,2021-09-20,15.47,Umbrella,
623,2021-04-24,-4.3,Wayne Enterprises,
624,2021-09-01,-93.41,LexCorp,
625,2021-03-18,58.05,Initech,
626,2021-06-26,61.1,Wayne Enterprises,
627,2021-12-06,-11.49,Acme,
628,2021-07-26,-7.3,Umbrella,
629,2021-04-30,-81.03,Umbrella,
630,2021-06-21,-22.18,Umbrella,
631,2021-01-25,1.0,Wayne Enterprises,
632,2021-06-12,-71.57,LexCorp,
633,2021-07-01,-98.2,Wayne Enterprises,
634,2021-11-08,20.63,Initech,
635,2021-01-15,41.91,LexCorp,
636,2021-02-09,74.0,Wayne Enterprises,
637,2021-04-21,14.91,Wayne Enterprises,
638,2021-06-14,-82.29,Initech,
639,2021-06-18,-28.36,Initech,
640,2021-10-02,39.18,LexCorp,
641,2021-01-01,-75.4,Stark Industries,
642,2021-07-24,51.51,Wayne Enterprises,
643,2021-10-16,40.59,LexCorp,
644,2021-03-31,80.14,Umbrella,
645,2021-01-03,-96.07,Acme,
646,2021-11-14,86.63,Umbrella,
647,2021-02-06,13.94,Globex Industries,
648,2021-12-17,-20.5,Stark Industries,
649,2021-04-24,53.24,Stark Industries,
650,2021-09-01,-48.09,Stark Industries,
651,2021-05-22,-81.97,Stark Industries,
652,2021-11-02,64.04,Stark Industries,
653,2021-03-04,68.49,LexCorp,
654,2021-01-05,69.48,Globex Industries,
655,2021-05-13,51.41,Wayne Enterprises,
656,2021-10-05,-94.32,LexCorp,
657,2021-06-24,-5.73,Wayne Enterprises,
658,2021-05-14,99.56,Umbrella,
659,2021-01-10,76.81,Globex Industries,
660,2021-08-15,-59.43,Acme,
661,2021-07-31,-77.78,Stark Industries,
662,2021-06-04,71.77,Umbrella,
663,2021-11-03,10.62,Acme,
664,2021-04-12,-33.53,LexCorp,
665,2021-01-30,51.49,Globex Industries,
666,2021-05-11,-71.6,Wayne Enterprises,
667,2021-07-16,-33.09,Wayne Enterprises,
668,2021-11-12,-15.18,Umbrella,
669,2021-05-23,-14.06,Wayne Enterprises,
670,2021-01-15,-32.28,Stark Industries,
671,2021-01-15,-62.08,Acme,
672,2021-05-05,21.34,Wayne Enterprises,
673,2021-03-18,7.86,Initech,
674,2021-03-11,-27.66,LexCorp,
675,2021-02-26,92.46,Umbrella,
676,2021-01-02,73.15,Initech,
677,2021-06-21,23.44,Wayne Enterprises,
678,2021-04-16,-8.78,Wayne Enterprises,
679,2021-07-23,50.26,Wayne Enterprises,
680,2021-05-25,-20.8,Umbrella,
681,2021-02-23,-18.17,Initech,
682,2021-02-14,-70.7,Initech,
683,2021-07-16,22.02,Acme,
684,2021-01-18,-49.02,Umbrella,
685,2021-10-18,-71.59,Globex Industries,
686,2021-02-15,67.57,Acme,
687,2021-02-05,-74.2,Acme,
688,2021-09-02,-29.4,Acme,
689,2021-03-18,-13.28,Umbrella,
690,2021-03-13,87.72,Initech,
691,2021-02-28,59.43,Acme,
692,2021-02-14,77.99,Acme,
693,2021-11-01,2.0,Umbrella,
694,2021-10-09,96.33,Stark Industries,
695,2021-12-23,-46.85,Initech,
696,2021-09-15,43.65,Acme,
697,2021-07-22,-76.33,Wayne Enterprises,
698,2021-07-12,11.31,Acme,
699,2021-11-05,78.79,Initech,
700,2021-09-18,28.67,Umbrella,
701,2021-06-16,43.12,Initech,
702,2021-12-22,-6.65,Globex Industries,
703,2021-06-06,-74.86,Globex Industries,
704,2021-07-05,72.99,Stark Industries,
705,2021-12-20,59.35,Wayne Enterprises,
706,2021-03-29,-27.86,Umbrella,
707,2021-02-05,-69.97,Initech,
708,2021-03-14,-53.96,Initech,
709,2021-05-08,-3.69,Stark Industries,
710,2021-07-30,80.65,Stark Industries,
711,2021-01-28,-30.45,Wayne Enterprises,
712,2021-05-29,41.8,Umbrella,
713,2021-02-03,-26.04,Wayne Enterprises,
714,2021-06-19,-12.64,Globex Industries,
715,2021-08-25,-73.44,Globex Industries,
716,2021-08-13,-74.05,Stark Industries,
717,2021-06-10,-33.84,Umbrella,
718,2021-08-26,65.18,Stark Industries,
719,2021-06-20,-39.03,Initech,
720,2021-12-19,67.01,Umbrella,
721,2021-11-03,47.46,Acme,
722,2021-11-30,62.06,Umbrella,
723,2021-12-14,77.83,Wayne Enterprises,
724,2021-01-23,35.65,Wayne Enterprises,
725,2021-09-10,0.43,Wayne Enterprises,
726,2021-06-28,81.03,Umbrella,
727,2021-04-25,73.5,Acme,
728,2021-03-15,-45.62,LexCorp,
729,2021-03-24,75.58,Globex Industries,
730,2021-11-17,43.9,LexCorp,
731,2021-09-22,48.84,Acme,
732,2021-11-03,96.72,Wayne Enterprises,
733,2021-07-11,-45.81,Umbrella,
734,2021-08-23,-11.53,Globex Industries,
735,2021-08-22,53.0,LexCorp,
736,2021-06-22,37.35,Umbrella,
737,2021-02-26,48.22,LexCorp,
738,2021-10-09,-65.86,Initech,
739,2021-06-30,92.53,Acme,
740,2021-02-13,59.5,Umbrella,
741,2021-05-22,36.45,Initech,
742,2021-06-13,-40.2,Acme,
743,2021-11-24,-54.92,Wayne Enterprises,
744,2021-07-29,30.29,Globex Industries,
745,2021-01-02,-85.28,Umbrella,
746,2021-10-23,-51.46,Acme,
747,2021-10-29,46.56,Initech,
748,2021-02-01,-94.15,Stark Industries,
749,2021-01-17,-12.15,LexCorp,
750,2021-09-21,-19.64,Acme,
751,2021-12-16,97.27,Initech,
752,2021-06-21,85.09,Stark Industries,
753,2021-11-18,-37.11,Globex Industries,
754,2021-11-05,12.68,Globex Industries,
755,2021-07-21,-17.48,Acme,
756,2021-09-08,99.82,Globex Industries,
757,2021-08-22,14.01,Stark Industries,
758,2021-01-05,54.28,Acme,
759,2021-04-19,-12.09,Wayne Enterprises,
760,2021-02-18,69.66,Globex Industries,
761,2021-07-01,-5.92,Wayne Enterprises,
762,2021-12-01,76.99,Globex Industries,
763,2021-11-09,78.61,Initech,
764,2021-02-03,-99.84,Umbrella,
765,2021-05-20,66.42,Globex Industries,
766,2021-03-21,-80.41,Acme,
767,2021-07-28,42.09,Stark Industries,
768,2021-09-26,-24.47,Umbrella,
769,2021-04-10,-98.99,Umbrella,
770,2021-06-25,10.89,LexCorp,
771,2021-04-16,89.01,Wayne Enterprises,
772,2021-10-31,-77.43,Umbrella,
773,2021-10-16,-16.51,Wayne Enterprises,
774,2021-02-18,38.36,Stark Industries,
775,2021-04-07,11.7,Globex Industries,
776,2021-05-10,-62.66,Stark Industries,
777,2021-11-14,54.16,Umbrella,
778,2021-09-08,86.86,Umbrella,
779,2021-01-29,11.44,Umbrella,
780,2021-11-18,-36.29,Wayne Enterprises,
781,2021-09-20,97.56,Acme,
782,2021-06-15,-85.33,Wayne Enterprises,
783,2021-09-07,-60.47,Umbrella,
784,2021-12-01,-2.87,Globex Industries,
785,2021-10-13,47.68,LexCorp,
786,2021-11-09,-49.92,Globex Industries,
787,2021-04-30,17.0,Globex Industries,
788,2021-02-21,-17.93,Acme,
789,2021-05-26,85.7,Globex Industries,
790,2021-01-13,-78.6,LexCorp,
791,2021-01-29,99.7,Stark Industries,
792,2021-03-08,-19.44,Umbrella,
793,2021-12-29,-81.59,Umbrella,
794,2021-12-01,89.05,Wayne Enterprises,
795,2021-08-28,12.52,Stark Industries,
796,2021-07-15,3.3,Acme,
797,2021-04-28,-66.86,Umbrella,
798,2021-04-17,79.82,Umbrella,
799,2021-08-17,59.2,Initech,
800,2021-12-20,-48.92,Stark Industries,
801,2021-02-27,2.55,Initech,
802,2021-05-05,25.71,Wayne Enterprises,
803,2021-08-03,4.38,Umbrella,
804,2021-10-27,-90.98,Wayne Enterprises,
805,2021-04-17,-32.34,LexCorp,
806,2021-12-28,-86.86,LexCorp,
807,2021-08-31,89.77,Umbrella,
808,2021-06-26,31.19,Acme,
809,2021-01-01,-1.83,Umbrella,
810,2021-08-12,59.35,Acme,
811,2021-05-28,-17.72,Wayne Enterprises,
812,2021-10-02,-87.97,Stark Industries,
813,2021-01-26,8.54,Wayne Enterprises,
814,2021-01-29,-81.43,Umbrella,
815,2021-05-23,13.3,Wayne Enterprises,
816,2021-08-21,-96.19,Globex Industries,
817,2021-11-09,-65.68,Stark Industries,
818,2021-09-02,84.35,Wayne Enterprises,
819,2021-06-25,-64.22,Initech,
820,2021-01-05,2.62,LexCorp,
821,2021-05-30,72.32,Wayne Enterprises,
822,2021-08-18,62.25,Acme,
823,2021-07-11,13.22,LexCorp,
824,2021-10-14,65.35,Stark Industries,
825,2021-07-27,24.0,Globex Industries,
826,2021-12-21,69.04,Stark Industries,
827,2021-10-04,25.91,Acme,
828,2021-06-01,74.64,LexCorp,
829,2021-04-05,9.05,Wayne Enterprises,
830,2021-05-07,-60.92,Initech,
831,2021-01-12,-22.73,Acme,
832,2021-03-16,85.74,Wayne Enterprises,
833,2021-03-29,25.91,Umbrella,
834,2021-10-15,-9.43,Initech,
835,2021-11-11,-86.85,Acme,
836,2021-08-12,-55.19,LexCorp,
837,2021-03-20,62.51,Initech,
838,2021-01-19,73.31,LexCorp,
839,2021-06-04,-29.16,Initech,
840,2021-09-19,28.43,Stark Industries,
841,2021-04-09,12.79,Wayne Enterprises,
842,2021-11-13,42.56,Stark Industries,
843,2021-08-03,-89.92,Acme,
844,2021-08-23,83.92,Umbrella,
845,2021-05-08,29.25,Initech,
846,2021-08-01,46.7,Wayne Enterprises,
847,2021-10-22,-45.24,LexCorp,
848,2021-10-18,52.96,Stark Industries,
849,2021-08-24,-9.83,Stark Industries,
850,2021-07-09,49.77,Initech,
851,2021-12-01,51.69,Globex Industries,
852,2021-03-18,-38.69,Stark Industries,
853,2021-09-05,46.5,Globex Industries,
854,2021-09-06,63.3,Initech,
855,2021-12-01,-88.17,Acme,
856,2021-02-09,31.4,Wayne Enterprises,
857,2021-03-13,-14.04,Umbrella,
858,2021-05-06,-44.04,Acme,
859,2021-10-05,-63.87,LexCorp,
860,2021-04-27,33.77,Umbrella,
861,2021-05-02,89.79,Wayne Enterprises,
862,2021-09-27,-79.27,LexCorp,
863,2021-12-11,-84.41,Initech,
864,2021-07-06,28.0,LexCorp,
865,2021-09-11,51.1,Acme,
866,2021-10-21,-5.19,Globex Industries,
867,2021-05-29,-92.05,LexCorp,
868,2021-09-11,44.05,Umbrella,
869,2021-01-11,-24.52,Wayne Enterprises,
870,2021-04-08,33.54,Globex Industries,
871,2021-05-17,11.34,Stark Industries,
872,2021-02-05,39.28,Stark Industries,
873,2021-04-17,95.88,Acme,
874,2021-07-13,66.17,Stark Industries,
875,2021-07-03,25.5,Initech,
876,2021-05-05,-77.03,LexCorp,
877,2021-03-02,75.22,LexCorp,
878,2021-03-02,-44.85,Stark Industries,
879,2021-08-31,-83.82,Acme,
880,2021-09-14,-70.81,Acme,
881,2021-01-22,-84.05,Initech,
882,2021-09-24,27.66,Initech,
883,2021-01-28,-95.57,Stark Industries,
884,2021-09-04,-62.39,Umbrella,
885,2021-07-24,90.5,Acme,
886,2021-11-21,-79.25,Umbrella,
887,2021-06-17,-76.69,LexCorp,
888,2021-09-02,-27.1,Umbrella,
889,2021-04-10,89.33,Globex Industries,
890,2021-04-14,69.89,Umbrella,
891,2021-06-02,3.3,Globex Industries,
892,2021-01-22,6.09,Stark Industries,
893,2021-11-24,-98.9,Acme,
894,2021-03-03,31.33,Umbrella,
895,2021-01-21,-21.55,Umbrella,
896,2021-06-10,37.92,Wayne Enterprises,
897,2021-03-29,-10.18,LexCorp,
898,2021-04-04,-22.31,Acme,
899,2021-11-24,31.21,LexCorp,
900,2021-02-23,-25.08,Umbrella,
901,2021-02-16,-41.51,Acme,
902,2021-04-23,11.8,Initech,
903,2021-08-22,-82.19,Umbrella,
904,2021-05-15,69.98,Umbrella,
905,2021-11-28,-81.74,Initech,
906,2021-09-16,26.0,Globex Industries,
907,2021-05-24,32.26,Initech,
908,2021-11-06,42.63,Globex Industries,
909,2021-06-13,74.11,Umbrella,
910,2021-05-28,27.6,LexCorp,
911,2021-04-02,33.13,Umbrella,
912,2021-11-09,-54.78,Acme,
913,2021-10-19,-75.4,Umbrella,
914,2021-02-22,64.31,Acme,
915,2021-07-14,46.01,Wayne Enterprises,
916,2021-12-13,16.05,Wayne Enterprises,
917,2021-01-14,-16.02,Stark Industries,
918,2021-01-11,52.68,Initech,
919,2021-12-15,-28.26,Wayne Enterprises,
920,2021-10-06,82.26,LexCorp,
921,2021-12-02,60.62,Acme,
922,2021-03-14,25.95,Umbrella,
923,2021-09-06,-2.26,Globex Industries,
924,2021-10-11,-21.52,Wayne Enterprises,
925,2021-02-11,-22.64,Acme,
926,2021-04-10,6.79,Initech,
927,2021-05-05,-8.72,LexCorp,
928,2021-06-13,-31.51,LexCorp,
929,2021-09-30,46.59,Initech,
930,2021-09-05,46.53,Acme,
931,2021-03-12,57.27,Stark Industries,
932,2021-09-11,-56.25,Umbrella,
933,2021-02-01,-45.5,Stark Industries,
934,2021-08-17,-93.6,Wayne Enterprises,
935,2021-02-16,89.32,Globex Industries,
936,2021-09-09,5.11,Stark Industries,
937,2021-01-28,32.7,LexCorp,
938,2021-08-30,-14.19,LexCorp,
939,2021-01-13,41.95,Umbrella,
940,2021-03-03,10.17,Stark Industries,
941,2021-06-06,11.12,Umbrella,
942,2021-07-23,18.15,Stark Industries,
943,2021-08-10,-89.93,LexCorp,
944,2021-01-14,-40.76,LexCorp,
945,2021-09-22,-83.31,Globex Industries,
946,2021-12-14,23.04,Wayne Enterprises,
947,2021-12-18,-28.36,Initech,
948,2021-11-23,-9.01,Stark Industries,
949,2021-07-07,19.81,Stark Industries,
950,2021-08-06,0.63,Stark Industries,
951,2021-04-28,13.8,Stark Industries,
952,2021-04-07,-98.18,Globex Industries,
953,2021-02-10,-91.38,Globex Industries,
954,2021-08-07,-77.71,LexCorp,
955,2021-11-14,2.65,Initech,
956,2021-02-04,-17.95,Stark Industries,
957,2021-04-27,-1.45,LexCorp,
958,2021-03-25,28.44,Umbrella,
959,2021-09-06,-10.73,Acme,
960,2021-01-01,36.3,LexCorp,
961,2021-08-06,16.16,LexCorp,
962,2021-08-28,-3.96,Wayne Enterprises,
963,2021-04-16,6.28,Wayne Enterprises,
964,2021-01-27,-84.97,Wayne Enterprises,
965,2021-12-16,37.76,Acme,
966,2021-04-13,-69.51,Stark Industries,
967,2021-08-19,94.52,Stark Industries,
968,2021-12-09,-43.04,LexCorp,
969,2021-09-25,28.98,Initech,
970,2021-11-09,30.02,LexCorp,
971,2021-08-05,-7.13,Initech,
972,2021-10-12,14.08,Stark Industries,
973,2021-09-02,73.85,Initech,
974,2021-02-24,-52.93,Wayne Enterprises,
975,2021-07-20,8.78,Umbrella,
976,2021-11-25,94.76,LexCorp,
977,2021-07-07,-92.45,Umbrella,
978,2021-05-15,-78.96,Umbrella,
979,2021-10-06,7.98,Wayne Enterprises,
980,2021-06-18,37.59,Initech,
981,2021-07-04,47.08,Acme,
982,2021-01-14,6.68,Stark Industries,
983,2021-10-24,-12.45,Stark Industries,
984,2021-09-16,-38.63,Stark Industries,
985,2021-05-11,-56.67,Acme,
986,2021-12-27,-10.33,LexCorp,
987,2021-06-19,-97.01,Stark Industries,
988,2021-01-09,8.08,Acme,
989,2021-11-23,48.33,Umbrella,
990,2021-05-08,55.75,Initech,
991,2021-08-01,-93.65,Wayne Enterprises,
992,2021-09-12,-37.87,Umbrella,
993,2021-10-06,11.46,Initech,
994,2021-11-08,-57.82,Stark Industries,
995,2021-09-26,62.81,LexCorp,
996,2021-11-10,36.03,Wayne Enterprises,
997,2021-02-19,-19.25,Globex Industries,
998,2021-07-14,-5.05,LexCorp,
999,2021-08-18,85.23,Wayne Enterprises,
1000,2021-10-06,-12.15,Wayne Enterprises,
